Training Accuracy,Best Validation Accuracy,Id Best Epoch,Image Shape,Batch Size,Epochs,Learning Rate,Activation Function,CNN Filters,Fine Tunning,Dense Neurons,Dropout Rate
0.7852076888084412,0.6928374767303467,30,"(50, 37, 3)",32,30,0.001,relu,"[64, 64, 128]",True,500,0.2
0.8409321308135986,0.6942148804664612,26,"(50, 37, 3)",32,30,0.001,relu,"[64, 64, 128]",True,1024,0.2
0.8394123315811157,0.707988977432251,25,"(50, 37, 3)",32,30,0.001,relu,"[64, 64, 128]",True,2048,0.2
0.6180344223976135,0.6460055112838745,22,"(50, 37, 3)",32,30,0.001,relu,"[32, 64, 64, 128]",True,500,0.2
0.8318135738372803,0.7148760557174683,17,"(50, 37, 3)",32,30,0.001,relu,"[32, 64, 64, 128]",True,1024,0.2